Variable 1,Variable 2,Variable 3,Variable 4,Correlation (r),R²
AverageParticleSpeed,RainAbsolute,RainAccumulated,VolumeEquivalentDiameter,0.385690206775068,0.1487569356021947
AverageParticleSpeed,RainAbsolute,RainRate,VolumeEquivalentDiameter,0.385690206775068,0.1487569356021947
AverageParticleSpeed,RainAccumulated,RainRate,VolumeEquivalentDiameter,0.385690206775068,0.1487569356021947
AverageParticleSpeed,RainAbsolute,RainAccumulated,RainRate,0.3856902067750678,0.14875693560219458
RainAbsolute,RainAccumulated,RainRate,VolumeEquivalentDiameter,0.3856902067750678,0.14875693560219458
Pressure,RainAbsolute,RainAccumulated,RainRate,0.3856599501054968,0.1487335971153743
AverageParticleSpeed,Pressure,RainAbsolute,RainAccumulated,0.3856599501054964,0.14873359711537398
Pressure,RainAbsolute,RainAccumulated,VolumeEquivalentDiameter,0.3856599501054964,0.14873359711537398
AverageParticleSpeed,Pressure,RainAbsolute,RainRate,0.3856288496022929,0.14870960964558783
AverageParticleSpeed,Pressure,RainAccumulated,RainRate,0.3856288496022929,0.14870960964558783
Pressure,RainAbsolute,RainRate,VolumeEquivalentDiameter,0.3856288496022929,0.14870960964558783
Pressure,RainAccumulated,RainRate,VolumeEquivalentDiameter,0.3856288496022929,0.14870960964558783
AverageParticleSpeed,Pressure,RainAbsolute,VolumeEquivalentDiameter,0.3856288496022928,0.14870960964558777
AverageParticleSpeed,Pressure,RainAccumulated,VolumeEquivalentDiameter,0.3856288496022928,0.14870960964558777
RainAbsolute,RainAccumulated,RainIntensity,RainRate,0.38495113185183505,0.14818737391400888
AverageParticleSpeed,RainAbsolute,RainAccumulated,RainIntensity,0.38495113185183394,0.14818737391400805
RainAbsolute,RainAccumulated,RainIntensity,VolumeEquivalentDiameter,0.38495113185183394,0.14818737391400805
Pressure,RainAbsolute,RainAccumulated,RainIntensity,0.38491942321963774,0.1481629623717386
AverageParticleSpeed,KineticEnergy,RainAbsolute,RainAccumulated,0.3846878031804396,0.14798470591579263
KineticEnergy,RainAbsolute,RainAccumulated,VolumeEquivalentDiameter,0.3846878031804396,0.14798470591579263
KineticEnergy,RainAbsolute,RainAccumulated,RainRate,0.38468780318043855,0.14798470591579183
KineticEnergy,Pressure,RainAbsolute,RainAccumulated,0.38465543583285994,0.14795980431576744
AverageParticleSpeed,RainAbsolute,RainIntensity,RainRate,0.3841783594451033,0.147593011865931
AverageParticleSpeed,RainAccumulated,RainIntensity,RainRate,0.3841783594451033,0.147593011865931
RainAbsolute,RainIntensity,RainRate,VolumeEquivalentDiameter,0.3841783594451033,0.147593011865931
RainAccumulated,RainIntensity,RainRate,VolumeEquivalentDiameter,0.3841783594451033,0.147593011865931
AverageParticleSpeed,RainAbsolute,RainIntensity,VolumeEquivalentDiameter,0.38417835944510287,0.14759301186593066
AverageParticleSpeed,RainAccumulated,RainIntensity,VolumeEquivalentDiameter,0.38417835944510287,0.14759301186593066
AverageParticleSpeed,Pressure,RainAbsolute,RainIntensity,0.38411090816370513,0.14754118977034633
AverageParticleSpeed,Pressure,RainAccumulated,RainIntensity,0.38411090816370513,0.14754118977034633
Pressure,RainAbsolute,RainIntensity,VolumeEquivalentDiameter,0.38411090816370513,0.14754118977034633
Pressure,RainAccumulated,RainIntensity,VolumeEquivalentDiameter,0.38411090816370513,0.14754118977034633
Pressure,RainAbsolute,RainIntensity,RainRate,0.38411090816370497,0.1475411897703462
Pressure,RainAccumulated,RainIntensity,RainRate,0.38411090816370497,0.1475411897703462
KineticEnergy,RainAbsolute,RainAccumulated,RainIntensity,0.3838901031793622,0.14737161131906135
AverageParticleSpeed,KineticEnergy,RainAbsolute,RainRate,0.38355847770924745,0.14711710582263526
AverageParticleSpeed,KineticEnergy,RainAccumulated,RainRate,0.38355847770924745,0.14711710582263526
KineticEnergy,RainAbsolute,RainRate,VolumeEquivalentDiameter,0.38355847770924745,0.14711710582263526
KineticEnergy,RainAccumulated,RainRate,VolumeEquivalentDiameter,0.38355847770924745,0.14711710582263526
AverageParticleSpeed,KineticEnergy,RainAbsolute,VolumeEquivalentDiameter,0.38355847770924634,0.14711710582263443
AverageParticleSpeed,KineticEnergy,RainAccumulated,VolumeEquivalentDiameter,0.38355847770924634,0.14711710582263443
KineticEnergy,Pressure,RainAbsolute,RainRate,0.3834876198380873,0.14706275456908138
KineticEnergy,Pressure,RainAccumulated,RainRate,0.3834876198380873,0.14706275456908138
AverageParticleSpeed,KineticEnergy,Pressure,RainAbsolute,0.3834876198380871,0.14706275456908122
AverageParticleSpeed,KineticEnergy,Pressure,RainAccumulated,0.3834876198380871,0.14706275456908122
KineticEnergy,Pressure,RainAbsolute,VolumeEquivalentDiameter,0.3834876198380871,0.14706275456908122
KineticEnergy,Pressure,RainAccumulated,VolumeEquivalentDiameter,0.3834876198380871,0.14706275456908122
AverageParticleSpeed,RainAbsolute,RainAccumulated,WindSpeed,0.3825560088884339,0.1463490999366475
RainAbsolute,RainAccumulated,VolumeEquivalentDiameter,WindSpeed,0.3825560088884339,0.1463490999366475
RainAbsolute,RainAccumulated,RainRate,WindSpeed,0.3825560088884338,0.1463490999366474
Pressure,RainAbsolute,RainAccumulated,WindSpeed,0.38248028985952887,0.1462911721310292
KineticEnergy,RainAbsolute,RainIntensity,RainRate,0.3818161861442139,0.145783600001713
KineticEnergy,RainAccumulated,RainIntensity,RainRate,0.3818161861442139,0.145783600001713
AverageParticleSpeed,KineticEnergy,RainAbsolute,RainIntensity,0.3818161861442138,0.14578360000171292
AverageParticleSpeed,KineticEnergy,RainAccumulated,RainIntensity,0.3818161861442138,0.14578360000171292
KineticEnergy,RainAbsolute,RainIntensity,VolumeEquivalentDiameter,0.3818161861442138,0.14578360000171292
KineticEnergy,RainAccumulated,RainIntensity,VolumeEquivalentDiameter,0.3818161861442138,0.14578360000171292
KineticEnergy,Pressure,RainAbsolute,RainIntensity,0.38173734445682816,0.14572340015295107
KineticEnergy,Pressure,RainAccumulated,RainIntensity,0.38173734445682816,0.14572340015295107
RainAbsolute,RainAccumulated,RainIntensity,WindSpeed,0.3817225364262865,0.14571209481571762
KineticEnergy,RainAbsolute,RainAccumulated,WindSpeed,0.38140748506273214,0.14547166966187824
AverageParticleSpeed,RainAbsolute,RainAccumulated,SnowDepthIntensity,0.3773145645311576,0.14236628060733708
RainAbsolute,RainAccumulated,RainRate,SnowDepthIntensity,0.3773145645311576,0.14236628060733708
RainAbsolute,RainAccumulated,SnowDepthIntensity,VolumeEquivalentDiameter,0.3773145645311576,0.14236628060733708
Pressure,RainAbsolute,RainAccumulated,SnowDepthIntensity,0.3772625405279034,0.14232702448556797
RainAbsolute,RainAccumulated,RainIntensity,SnowDepthIntensity,0.3763478442428847,0.1416376998662666
AverageParticleSpeed,RainAbsolute,RainAccumulated,Temperature,0.3760169283593634,0.14138873041281064
RainAbsolute,RainAccumulated,Temperature,VolumeEquivalentDiameter,0.3760169283593634,0.14138873041281064
RainAbsolute,RainAccumulated,RainRate,Temperature,0.37601692835936323,0.1413887304128105
KineticEnergy,RainAbsolute,RainAccumulated,SnowDepthIntensity,0.3760156275984724,0.14138775219827307
Pressure,RainAbsolute,RainAccumulated,Temperature,0.37596319108187604,0.14134832104846723
RainAbsolute,RainAccumulated,RainIntensity,Temperature,0.3751420661496901,0.14073156979505846
KineticEnergy,RainAbsolute,RainAccumulated,Temperature,0.3748261398052147,0.14049463508127832
RainAbsolute,RainAccumulated,SnowDepthIntensity,WindSpeed,0.37326330950957287,0.1393254982260392
RainAbsolute,RainAccumulated,Temperature,WindSpeed,0.3723729124232641,0.1386615859065839
AverageParticleSpeed,RainAbsolute,VolumeEquivalentDiameter,WindSpeed,0.37047169393502066,0.13724927600708361
AverageParticleSpeed,RainAccumulated,VolumeEquivalentDiameter,WindSpeed,0.37047169393502066,0.13724927600708361
AverageParticleSpeed,RainAbsolute,RainRate,WindSpeed,0.3704716939350206,0.1372492760070836
AverageParticleSpeed,RainAccumulated,RainRate,WindSpeed,0.3704716939350206,0.1372492760070836
RainAbsolute,RainRate,VolumeEquivalentDiameter,WindSpeed,0.3704716939350206,0.1372492760070836
RainAccumulated,RainRate,VolumeEquivalentDiameter,WindSpeed,0.3704716939350206,0.1372492760070836
Pressure,RainAbsolute,RainRate,WindSpeed,0.3701388756395037,0.137002787259676
Pressure,RainAccumulated,RainRate,WindSpeed,0.3701388756395037,0.137002787259676
AverageParticleSpeed,Pressure,RainAbsolute,WindSpeed,0.37013887563950365,0.13700278725967596
AverageParticleSpeed,Pressure,RainAccumulated,WindSpeed,0.37013887563950365,0.13700278725967596
Pressure,RainAbsolute,VolumeEquivalentDiameter,WindSpeed,0.37013887563950365,0.13700278725967596
Pressure,RainAccumulated,VolumeEquivalentDiameter,WindSpeed,0.37013887563950365,0.13700278725967596
AverageParticleSpeed,RainAbsolute,RainIntensity,WindSpeed,0.36862872538600233,0.1358871371797087
AverageParticleSpeed,RainAccumulated,RainIntensity,WindSpeed,0.36862872538600233,0.1358871371797087
RainAbsolute,RainIntensity,RainRate,WindSpeed,0.36862872538600233,0.1358871371797087
RainAbsolute,RainIntensity,VolumeEquivalentDiameter,WindSpeed,0.36862872538600233,0.1358871371797087
RainAccumulated,RainIntensity,RainRate,WindSpeed,0.36862872538600233,0.1358871371797087
RainAccumulated,RainIntensity,VolumeEquivalentDiameter,WindSpeed,0.36862872538600233,0.1358871371797087
Pressure,RainAbsolute,RainIntensity,WindSpeed,0.3682889441037965,0.13563674634908932
Pressure,RainAccumulated,RainIntensity,WindSpeed,0.3682889441037965,0.13563674634908932
AverageParticleSpeed,KineticEnergy,RainAbsolute,WindSpeed,0.36780729813373825,0.1352822085604406
AverageParticleSpeed,KineticEnergy,RainAccumulated,WindSpeed,0.36780729813373825,0.1352822085604406
KineticEnergy,RainAbsolute,VolumeEquivalentDiameter,WindSpeed,0.36780729813373825,0.1352822085604406
KineticEnergy,RainAccumulated,VolumeEquivalentDiameter,WindSpeed,0.36780729813373825,0.1352822085604406
KineticEnergy,RainAbsolute,RainRate,WindSpeed,0.3678072981337381,0.1352822085604405
KineticEnergy,RainAccumulated,RainRate,WindSpeed,0.3678072981337381,0.1352822085604405
KineticEnergy,Pressure,RainAbsolute,WindSpeed,0.3674632904885055,0.1350292698566398
KineticEnergy,Pressure,RainAccumulated,WindSpeed,0.3674632904885055,0.1350292698566398
RainAbsolute,RainAccumulated,SnowDepthIntensity,Temperature,0.3665784588070823,0.13437976646137573
AverageParticleSpeed,RainAbsolute,RainRate,SnowDepthIntensity,0.36584042754563795,0.13383921842677518
AverageParticleSpeed,RainAccumulated,RainRate,SnowDepthIntensity,0.36584042754563795,0.13383921842677518
RainAbsolute,RainRate,SnowDepthIntensity,VolumeEquivalentDiameter,0.36584042754563795,0.13383921842677518
RainAccumulated,RainRate,SnowDepthIntensity,VolumeEquivalentDiameter,0.36584042754563795,0.13383921842677518
AverageParticleSpeed,RainAbsolute,SnowDepthIntensity,VolumeEquivalentDiameter,0.3658404275456379,0.13383921842677513
AverageParticleSpeed,RainAccumulated,SnowDepthIntensity,VolumeEquivalentDiameter,0.3658404275456379,0.13383921842677513
KineticEnergy,RainAbsolute,RainIntensity,WindSpeed,0.3657019501582318,0.13373791634953386
KineticEnergy,RainAccumulated,RainIntensity,WindSpeed,0.3657019501582318,0.13373791634953386
AverageParticleSpeed,Pressure,RainAbsolute,SnowDepthIntensity,0.3656690721071201,0.13371387029568219
AverageParticleSpeed,Pressure,RainAccumulated,SnowDepthIntensity,0.3656690721071201,0.13371387029568219
Pressure,RainAbsolute,RainRate,SnowDepthIntensity,0.3656690721071201,0.13371387029568219
Pressure,RainAbsolute,SnowDepthIntensity,VolumeEquivalentDiameter,0.3656690721071201,0.13371387029568219
Pressure,RainAccumulated,RainRate,SnowDepthIntensity,0.3656690721071201,0.13371387029568219
Pressure,RainAccumulated,SnowDepthIntensity,VolumeEquivalentDiameter,0.3656690721071201,0.13371387029568219
AverageParticleSpeed,RainAbsolute,RainIntensity,SnowDepthIntensity,0.3635202176238093,0.1321469486212617
AverageParticleSpeed,RainAccumulated,RainIntensity,SnowDepthIntensity,0.3635202176238093,0.1321469486212617
RainAbsolute,RainIntensity,SnowDepthIntensity,VolumeEquivalentDiameter,0.3635202176238093,0.1321469486212617
RainAccumulated,RainIntensity,SnowDepthIntensity,VolumeEquivalentDiameter,0.3635202176238093,0.1321469486212617
RainAbsolute,RainIntensity,RainRate,SnowDepthIntensity,0.36352021762380915,0.13214694862126156
RainAccumulated,RainIntensity,RainRate,SnowDepthIntensity,0.36352021762380915,0.13214694862126156
Pressure,RainAbsolute,RainIntensity,SnowDepthIntensity,0.3633369877703128,0.13201376668200443
Pressure,RainAccumulated,RainIntensity,SnowDepthIntensity,0.3633369877703128,0.13201376668200443
AverageParticleSpeed,RainAbsolute,RainRate,Temperature,0.3632148649514649,0.13192503812171086
AverageParticleSpeed,RainAccumulated,RainRate,Temperature,0.3632148649514649,0.13192503812171086
RainAbsolute,RainRate,Temperature,VolumeEquivalentDiameter,0.3632148649514649,0.13192503812171086
RainAccumulated,RainRate,Temperature,VolumeEquivalentDiameter,0.3632148649514649,0.13192503812171086
AverageParticleSpeed,RainAbsolute,Temperature,VolumeEquivalentDiameter,0.36321486495146454,0.13192503812171064
AverageParticleSpeed,RainAccumulated,Temperature,VolumeEquivalentDiameter,0.36321486495146454,0.13192503812171064
AverageParticleSpeed,Pressure,RainAbsolute,Temperature,0.36303524291982303,0.13179458760185492
AverageParticleSpeed,Pressure,RainAccumulated,Temperature,0.36303524291982303,0.13179458760185492
Pressure,RainAbsolute,RainRate,Temperature,0.36303524291982303,0.13179458760185492
Pressure,RainAbsolute,Temperature,VolumeEquivalentDiameter,0.36303524291982303,0.13179458760185492
Pressure,RainAccumulated,RainRate,Temperature,0.36303524291982303,0.13179458760185492
Pressure,RainAccumulated,Temperature,VolumeEquivalentDiameter,0.36303524291982303,0.13179458760185492
KineticEnergy,RainAbsolute,RainRate,SnowDepthIntensity,0.36267211301755975,0.13153106156062164
KineticEnergy,RainAccumulated,RainRate,SnowDepthIntensity,0.36267211301755975,0.13153106156062164
AverageParticleSpeed,KineticEnergy,RainAbsolute,SnowDepthIntensity,0.36267211301755825,0.13153106156062055
AverageParticleSpeed,KineticEnergy,RainAccumulated,SnowDepthIntensity,0.36267211301755825,0.13153106156062055
KineticEnergy,RainAbsolute,SnowDepthIntensity,VolumeEquivalentDiameter,0.36267211301755825,0.13153106156062055
KineticEnergy,RainAccumulated,SnowDepthIntensity,VolumeEquivalentDiameter,0.36267211301755825,0.13153106156062055
KineticEnergy,Pressure,RainAbsolute,SnowDepthIntensity,0.36248404701654946,0.13139468434149604
KineticEnergy,Pressure,RainAccumulated,SnowDepthIntensity,0.36248404701654946,0.13139468434149604
AverageParticleSpeed,RainAbsolute,RainIntensity,Temperature,0.3612211598209691,0.1304807263024061
AverageParticleSpeed,RainAccumulated,RainIntensity,Temperature,0.3612211598209691,0.1304807263024061
RainAbsolute,RainIntensity,Temperature,VolumeEquivalentDiameter,0.3612211598209691,0.1304807263024061
RainAccumulated,RainIntensity,Temperature,VolumeEquivalentDiameter,0.3612211598209691,0.1304807263024061
RainAbsolute,RainIntensity,RainRate,Temperature,0.3612211598209687,0.13048072630240581
RainAccumulated,RainIntensity,RainRate,Temperature,0.3612211598209687,0.13048072630240581
Pressure,RainAbsolute,RainIntensity,Temperature,0.3610319636495825,0.13034407877667348
Pressure,RainAccumulated,RainIntensity,Temperature,0.3610319636495825,0.13034407877667348
AverageParticleSpeed,KineticEnergy,RainAbsolute,Temperature,0.3604244609631867,0.12990579206060368
AverageParticleSpeed,KineticEnergy,RainAccumulated,Temperature,0.3604244609631867,0.12990579206060368
KineticEnergy,RainAbsolute,RainRate,Temperature,0.3604244609631867,0.12990579206060368
KineticEnergy,RainAbsolute,Temperature,VolumeEquivalentDiameter,0.3604244609631867,0.12990579206060368
KineticEnergy,RainAccumulated,RainRate,Temperature,0.3604244609631867,0.12990579206060368
KineticEnergy,RainAccumulated,Temperature,VolumeEquivalentDiameter,0.3604244609631867,0.12990579206060368
KineticEnergy,Pressure,RainAbsolute,Temperature,0.3602307125451049,0.12976616626075402
KineticEnergy,Pressure,RainAccumulated,Temperature,0.3602307125451049,0.12976616626075402
KineticEnergy,RainAbsolute,RainIntensity,SnowDepthIntensity,0.36017879473020326,0.1297287641733019
KineticEnergy,RainAccumulated,RainIntensity,SnowDepthIntensity,0.36017879473020326,0.1297287641733019
KineticEnergy,RainAbsolute,RainIntensity,Temperature,0.3582371449396586,0.12833385201451794
KineticEnergy,RainAccumulated,RainIntensity,Temperature,0.3582371449396586,0.12833385201451794
Humidity,RainAbsolute,RainAccumulated,RainRate,0.3562865098345976,0.1269400770901188
AverageParticleSpeed,Humidity,RainAbsolute,RainAccumulated,0.3562865098345975,0.12694007709011873
Humidity,RainAbsolute,RainAccumulated,VolumeEquivalentDiameter,0.3562865098345975,0.12694007709011873
Humidity,Pressure,RainAbsolute,RainAccumulated,0.356213440427481,0.12688801514118256
Humidity,RainAbsolute,RainAccumulated,RainIntensity,0.35516624564013893,0.1261430620421115
Humidity,KineticEnergy,RainAbsolute,RainAccumulated,0.3547696953040116,0.12586153670610123
Humidity,RainAbsolute,RainAccumulated,WindSpeed,0.35286057236532437,0.12451058352998431
RainAbsolute,RainRate,SnowDepthIntensity,WindSpeed,0.3472743002679395,0.120599439626587
RainAccumulated,RainRate,SnowDepthIntensity,WindSpeed,0.3472743002679395,0.120599439626587
AverageParticleSpeed,RainAbsolute,SnowDepthIntensity,WindSpeed,0.3472743002679394,0.12059943962658691
AverageParticleSpeed,RainAccumulated,SnowDepthIntensity,WindSpeed,0.3472743002679394,0.12059943962658691
RainAbsolute,SnowDepthIntensity,VolumeEquivalentDiameter,WindSpeed,0.3472743002679394,0.12059943962658691
RainAccumulated,SnowDepthIntensity,VolumeEquivalentDiameter,WindSpeed,0.3472743002679394,0.12059943962658691
Pressure,RainAbsolute,SnowDepthIntensity,WindSpeed,0.34682668273752404,0.12028874785871516
Pressure,RainAccumulated,SnowDepthIntensity,WindSpeed,0.34682668273752404,0.12028874785871516
AverageParticleSpeed,RainAbsolute,Temperature,WindSpeed,0.3458451118326428,0.11960884137853323
AverageParticleSpeed,RainAccumulated,Temperature,WindSpeed,0.3458451118326428,0.11960884137853323
RainAbsolute,Temperature,VolumeEquivalentDiameter,WindSpeed,0.3458451118326428,0.11960884137853323
RainAccumulated,Temperature,VolumeEquivalentDiameter,WindSpeed,0.3458451118326428,0.11960884137853323
RainAbsolute,RainRate,Temperature,WindSpeed,0.34584511183264255,0.11960884137853303
RainAccumulated,RainRate,Temperature,WindSpeed,0.34584511183264255,0.11960884137853303
Pressure,RainAbsolute,Temperature,WindSpeed,0.3453890118067667,0.11929356947685481
Pressure,RainAccumulated,Temperature,WindSpeed,0.3453890118067667,0.11929356947685481
Humidity,RainAbsolute,RainAccumulated,SnowDepthIntensity,0.34469395733608454,0.11881392422401048
RainAbsolute,RainIntensity,SnowDepthIntensity,WindSpeed,0.3445602000181291,0.11872173143653313
RainAccumulated,RainIntensity,SnowDepthIntensity,WindSpeed,0.3445602000181291,0.11872173143653313
KineticEnergy,RainAbsolute,SnowDepthIntensity,WindSpeed,0.3435128089169028,0.11800104988998056
KineticEnergy,RainAccumulated,SnowDepthIntensity,WindSpeed,0.3435128089169028,0.11800104988998056
RainAbsolute,RainIntensity,Temperature,WindSpeed,0.34346516738994404,0.11796832121020227
RainAccumulated,RainIntensity,Temperature,WindSpeed,0.34346516738994404,0.11796832121020227
KineticEnergy,RainAbsolute,Temperature,WindSpeed,0.3424561683560326,0.11727622724509534
KineticEnergy,RainAccumulated,Temperature,WindSpeed,0.3424561683560326,0.11727622724509534
Humidity,RainAbsolute,RainAccumulated,Temperature,0.3403291303836816,0.11582391698771297
AverageParticleSpeed,RainAbsolute,SnowDepthIntensity,Temperature,0.3402784679886758,0.11578943577672025
AverageParticleSpeed,RainAccumulated,SnowDepthIntensity,Temperature,0.3402784679886758,0.11578943577672025
RainAbsolute,SnowDepthIntensity,Temperature,VolumeEquivalentDiameter,0.3402784679886758,0.11578943577672025
RainAccumulated,SnowDepthIntensity,Temperature,VolumeEquivalentDiameter,0.3402784679886758,0.11578943577672025
RainAbsolute,RainRate,SnowDepthIntensity,Temperature,0.3402784679886755,0.11578943577672006
RainAccumulated,RainRate,SnowDepthIntensity,Temperature,0.3402784679886755,0.11578943577672006
Pressure,RainAbsolute,SnowDepthIntensity,Temperature,0.33997429103669835,0.11558251856590568
Pressure,RainAccumulated,SnowDepthIntensity,Temperature,0.33997429103669835,0.11558251856590568
RainAbsolute,RainIntensity,SnowDepthIntensity,Temperature,0.33768445007099807,0.11403078781975239
RainAccumulated,RainIntensity,SnowDepthIntensity,Temperature,0.33768445007099807,0.11403078781975239
KineticEnergy,RainAbsolute,SnowDepthIntensity,Temperature,0.3367351551294237,0.11339056470003704
KineticEnergy,RainAccumulated,SnowDepthIntensity,Temperature,0.3367351551294237,0.11339056470003704
AverageParticleSpeed,Pressure,RainRate,VolumeEquivalentDiameter,-0.33633444374856153,0.1131208580516543
AverageParticleSpeed,RadarReflectivity,RainAbsolute,RainAccumulated,0.3282717163117566,0.10776231973026641
RadarReflectivity,RainAbsolute,RainAccumulated,VolumeEquivalentDiameter,0.3282717163117566,0.10776231973026641
RadarReflectivity,RainAbsolute,RainAccumulated,RainRate,0.32827171631175633,0.10776231973026623
Pressure,RadarReflectivity,RainAbsolute,RainAccumulated,0.3281040481818086,0.10765226643329058
RadarReflectivity,RainAbsolute,RainAccumulated,RainIntensity,0.32685174013677976,0.106832060030441
KineticEnergy,RadarReflectivity,RainAbsolute,RainAccumulated,0.3262850634090703,0.10646194260386103
RadarReflectivity,RainAbsolute,RainAccumulated,WindSpeed,0.32032249474006497,0.10260650063649895
AverageParticleSpeed,ParticlesDetected,RainAbsolute,RainAccumulated,0.32008541624706943,0.1024546736940597
ParticlesDetected,RainAbsolute,RainAccumulated,VolumeEquivalentDiameter,0.32008541624706943,0.1024546736940597
ParticlesDetected,RainAbsolute,RainAccumulated,RainRate,0.32008541624706904,0.10245467369405944
ParticlesDetected,Pressure,RainAbsolute,RainAccumulated,0.3198966580335005,0.10233387182100234
RainAbsolute,SnowDepthIntensity,Temperature,WindSpeed,0.31941738330251046,0.10202746475582289
RainAccumulated,SnowDepthIntensity,Temperature,WindSpeed,0.31941738330251046,0.10202746475582289
ParticlesDetected,RainAbsolute,RainAccumulated,RainIntensity,0.3185480224353493,0.1014728425974718
KineticEnergy,ParticlesDetected,RainAbsolute,RainAccumulated,0.3179058160543113,0.1010641078811576
RadarReflectivity,RainAbsolute,RainAccumulated,SnowDepthIntensity,0.31532135343542755,0.09942755593234982
RadarReflectivity,RainAbsolute,RainAccumulated,Temperature,0.3148067806415721,0.09910330913791088
ParticlesDetected,RainAbsolute,RainAccumulated,WindSpeed,0.31107678060954197,0.09676876343439711
ParticlesDetected,RainAbsolute,RainAccumulated,SnowDepthIntensity,0.30719408692065986,0.09436820703901792
ParticlesDetected,RainAbsolute,RainAccumulated,Temperature,0.30698407652502047,0.09423922323991962
AverageParticleSpeed,Humidity,RainAbsolute,RainRate,0.3022856136258484,0.09137659220515569
AverageParticleSpeed,Humidity,RainAccumulated,RainRate,0.3022856136258484,0.09137659220515569
Humidity,RainAbsolute,RainRate,VolumeEquivalentDiameter,0.3022856136258484,0.09137659220515569
Humidity,RainAccumulated,RainRate,VolumeEquivalentDiameter,0.3022856136258484,0.09137659220515569
AverageParticleSpeed,Humidity,RainAbsolute,VolumeEquivalentDiameter,0.30228561362584805,0.0913765922051555
AverageParticleSpeed,Humidity,RainAccumulated,VolumeEquivalentDiameter,0.30228561362584805,0.0913765922051555
Humidity,Pressure,RainAbsolute,RainRate,0.3018446763739593,0.09111020865530021
Humidity,Pressure,RainAccumulated,RainRate,0.3018446763739593,0.09111020865530021
AverageParticleSpeed,Humidity,Pressure,RainAbsolute,0.301844676373959,0.09111020865530005
AverageParticleSpeed,Humidity,Pressure,RainAccumulated,0.301844676373959,0.09111020865530005
Humidity,Pressure,RainAbsolute,VolumeEquivalentDiameter,0.301844676373959,0.09111020865530005
Humidity,Pressure,RainAccumulated,VolumeEquivalentDiameter,0.301844676373959,0.09111020865530005
AverageParticleSpeed,Humidity,RainAbsolute,RainIntensity,0.29967777704869114,0.08980677005684504
AverageParticleSpeed,Humidity,RainAccumulated,RainIntensity,0.29967777704869114,0.08980677005684504
Humidity,RainAbsolute,RainIntensity,RainRate,0.29967777704869114,0.08980677005684504
Humidity,RainAbsolute,RainIntensity,VolumeEquivalentDiameter,0.29967777704869114,0.08980677005684504
Humidity,RainAccumulated,RainIntensity,RainRate,0.29967777704869114,0.08980677005684504
Humidity,RainAccumulated,RainIntensity,VolumeEquivalentDiameter,0.29967777704869114,0.08980677005684504
Humidity,Pressure,RainAbsolute,RainIntensity,0.29922284649213604,0.08953431186285642
Humidity,Pressure,RainAccumulated,RainIntensity,0.29922284649213604,0.08953431186285642
Humidity,KineticEnergy,RainAbsolute,RainRate,0.2987081196351418,0.0892265407359622
Humidity,KineticEnergy,RainAccumulated,RainRate,0.2987081196351418,0.0892265407359622
AverageParticleSpeed,Humidity,KineticEnergy,RainAbsolute,0.2987081196351416,0.08922654073596206
AverageParticleSpeed,Humidity,KineticEnergy,RainAccumulated,0.2987081196351416,0.08922654073596206
Humidity,KineticEnergy,RainAbsolute,VolumeEquivalentDiameter,0.2987081196351416,0.08922654073596206
Humidity,KineticEnergy,RainAccumulated,VolumeEquivalentDiameter,0.2987081196351416,0.08922654073596206
Humidity,KineticEnergy,Pressure,RainAbsolute,0.29824752933375515,0.08895158875368914
Humidity,KineticEnergy,Pressure,RainAccumulated,0.29824752933375515,0.08895158875368914
Humidity,KineticEnergy,RainAbsolute,RainIntensity,0.2959538579914385,0.08758868606001653
Humidity,KineticEnergy,RainAccumulated,RainIntensity,0.2959538579914385,0.08758868606001653
Humidity,RadarReflectivity,RainAbsolute,RainAccumulated,0.2859909413119495,0.08179081851249495
Humidity,RainAbsolute,RainRate,WindSpeed,0.2798540333351097,0.0783182799739287
Humidity,RainAccumulated,RainRate,WindSpeed,0.2798540333351097,0.0783182799739287
AverageParticleSpeed,Humidity,RainAbsolute,WindSpeed,0.27985403333510966,0.07831827997392866
AverageParticleSpeed,Humidity,RainAccumulated,WindSpeed,0.27985403333510966,0.07831827997392866
Humidity,RainAbsolute,VolumeEquivalentDiameter,WindSpeed,0.27985403333510966,0.07831827997392866
Humidity,RainAccumulated,VolumeEquivalentDiameter,WindSpeed,0.27985403333510966,0.07831827997392866
Humidity,Pressure,RainAbsolute,WindSpeed,0.2790915267726755,0.07789208031630306
Humidity,Pressure,RainAccumulated,WindSpeed,0.2790915267726755,0.07789208031630306
Humidity,ParticlesDetected,RainAbsolute,RainAccumulated,0.27832715478117875,0.07746600508858624
Humidity,RainAbsolute,RainIntensity,WindSpeed,0.2767363055877202,0.07658298283034007
Humidity,RainAccumulated,RainIntensity,WindSpeed,0.2767363055877202,0.07658298283034007
Humidity,KineticEnergy,RainAbsolute,WindSpeed,0.27552391672150617,0.07591342868555946
Humidity,KineticEnergy,RainAccumulated,WindSpeed,0.27552391672150617,0.07591342868555946
Humidity,RainAbsolute,RainRate,SnowDepthIntensity,0.27526205272207405,0.07576919766876987
Humidity,RainAccumulated,RainRate,SnowDepthIntensity,0.27526205272207405,0.07576919766876987
AverageParticleSpeed,Humidity,RainAbsolute,SnowDepthIntensity,0.2752620527220739,0.07576919766876979
AverageParticleSpeed,Humidity,RainAccumulated,SnowDepthIntensity,0.2752620527220739,0.07576919766876979
Humidity,RainAbsolute,SnowDepthIntensity,VolumeEquivalentDiameter,0.2752620527220739,0.07576919766876979
Humidity,RainAccumulated,SnowDepthIntensity,VolumeEquivalentDiameter,0.2752620527220739,0.07576919766876979
Humidity,Pressure,RainAbsolute,SnowDepthIntensity,0.27467700596150996,0.07544745760397938
Humidity,Pressure,RainAccumulated,SnowDepthIntensity,0.27467700596150996,0.07544745760397938
Humidity,RainAbsolute,RainIntensity,SnowDepthIntensity,0.2723618784587704,0.07418099283759003
Humidity,RainAccumulated,RainIntensity,SnowDepthIntensity,0.2723618784587704,0.07418099283759003
Humidity,KineticEnergy,RainAbsolute,SnowDepthIntensity,0.27134698510641814,0.0736291863263427
Humidity,KineticEnergy,RainAccumulated,SnowDepthIntensity,0.27134698510641814,0.0736291863263427
AverageParticleSpeed,Humidity,Pressure,WindSpeed,-0.2693840992081925,0.07256779290620931
Humidity,Pressure,VolumeEquivalentDiameter,WindSpeed,-0.2693840992081925,0.07256779290620931
Humidity,Pressure,RainRate,WindSpeed,-0.2693840992081924,0.07256779290620924
Humidity,Pressure,RainIntensity,WindSpeed,-0.26747697959304245,0.07154393461221685
AverageParticleSpeed,Humidity,VolumeEquivalentDiameter,WindSpeed,-0.2673022708670677,0.07145050401069124
AverageParticleSpeed,Humidity,RainRate,WindSpeed,-0.26730227086706715,0.07145050401069093
Humidity,RainRate,VolumeEquivalentDiameter,WindSpeed,-0.26730227086706715,0.07145050401069093
Humidity,KineticEnergy,Pressure,WindSpeed,-0.2661741010874539,0.07084865208971411
AverageParticleSpeed,Humidity,RainIntensity,WindSpeed,-0.2653959884980263,0.07043503071084452
Humidity,RainIntensity,VolumeEquivalentDiameter,WindSpeed,-0.2653959884980263,0.07043503071084452
Humidity,RainIntensity,RainRate,WindSpeed,-0.26539598849802626,0.07043503071084449
AverageParticleSpeed,Humidity,KineticEnergy,WindSpeed,-0.26409394169431627,0.06974561003964092
Humidity,KineticEnergy,RainRate,WindSpeed,-0.26409394169431627,0.06974561003964092
Humidity,KineticEnergy,VolumeEquivalentDiameter,WindSpeed,-0.26409394169431627,0.06974561003964092
AverageParticleSpeed,Humidity,RainAbsolute,Temperature,0.262703580360711,0.06901317113433654
AverageParticleSpeed,Humidity,RainAccumulated,Temperature,0.262703580360711,0.06901317113433654
Humidity,RainAbsolute,Temperature,VolumeEquivalentDiameter,0.262703580360711,0.06901317113433654
Humidity,RainAccumulated,Temperature,VolumeEquivalentDiameter,0.262703580360711,0.06901317113433654
Humidity,RainAbsolute,RainRate,Temperature,0.26270358036071084,0.06901317113433646
Humidity,RainAccumulated,RainRate,Temperature,0.26270358036071084,0.06901317113433646
Humidity,Pressure,RainAbsolute,Temperature,0.2620474484328515,0.06866886523016796
Humidity,Pressure,RainAccumulated,Temperature,0.2620474484328515,0.06866886523016796
Humidity,KineticEnergy,RainIntensity,WindSpeed,-0.26181765071956925,0.06854848222831436
Humidity,RainAbsolute,RainIntensity,Temperature,0.2602196057210437,0.06771424320161544
Humidity,RainAccumulated,RainIntensity,Temperature,0.2602196057210437,0.06771424320161544
AverageParticleSpeed,RadarReflectivity,RainAbsolute,VolumeEquivalentDiameter,0.25942167042015063,0.06729960308358125
AverageParticleSpeed,RadarReflectivity,RainAccumulated,VolumeEquivalentDiameter,0.25942167042015063,0.06729960308358125
AverageParticleSpeed,RadarReflectivity,RainAbsolute,RainRate,0.2594216704201498,0.06729960308358082
AverageParticleSpeed,RadarReflectivity,RainAccumulated,RainRate,0.2594216704201498,0.06729960308358082
RadarReflectivity,RainAbsolute,RainRate,VolumeEquivalentDiameter,0.2594216704201498,0.06729960308358082
RadarReflectivity,RainAccumulated,RainRate,VolumeEquivalentDiameter,0.2594216704201498,0.06729960308358082
Humidity,KineticEnergy,RainAbsolute,Temperature,0.25931154103585724,0.06724247531439108
Humidity,KineticEnergy,RainAccumulated,Temperature,0.25931154103585724,0.06724247531439108
AverageParticleSpeed,Pressure,RadarReflectivity,RainAbsolute,0.2588518781374577,0.06700429481528924
AverageParticleSpeed,Pressure,RadarReflectivity,RainAccumulated,0.2588518781374577,0.06700429481528924
Pressure,RadarReflectivity,RainAbsolute,VolumeEquivalentDiameter,0.2588518781374577,0.06700429481528924
Pressure,RadarReflectivity,RainAccumulated,VolumeEquivalentDiameter,0.2588518781374577,0.06700429481528924
Pressure,RadarReflectivity,RainAbsolute,RainRate,0.25885187813745764,0.06700429481528922
Pressure,RadarReflectivity,RainAccumulated,RainRate,0.25885187813745764,0.06700429481528922
RadarReflectivity,RainAbsolute,RainIntensity,RainRate,0.2568151191102002,0.06595400540358633
RadarReflectivity,RainAccumulated,RainIntensity,RainRate,0.2568151191102002,0.06595400540358633
AverageParticleSpeed,RadarReflectivity,RainAbsolute,RainIntensity,0.2568151191101996,0.06595400540358601
AverageParticleSpeed,RadarReflectivity,RainAccumulated,RainIntensity,0.2568151191101996,0.06595400540358601
RadarReflectivity,RainAbsolute,RainIntensity,VolumeEquivalentDiameter,0.2568151191101996,0.06595400540358601
RadarReflectivity,RainAccumulated,RainIntensity,VolumeEquivalentDiameter,0.2568151191101996,0.06595400540358601
Pressure,RadarReflectivity,RainAbsolute,RainIntensity,0.25623935500536665,0.06565860705356633
Pressure,RadarReflectivity,RainAccumulated,RainIntensity,0.25623935500536665,0.06565860705356633
KineticEnergy,RadarReflectivity,RainAbsolute,RainRate,0.25575333561727537,0.0654097686793627
KineticEnergy,RadarReflectivity,RainAccumulated,RainRate,0.25575333561727537,0.0654097686793627
AverageParticleSpeed,KineticEnergy,RadarReflectivity,RainAbsolute,0.2557533356172752,0.06540976867936261
AverageParticleSpeed,KineticEnergy,RadarReflectivity,RainAccumulated,0.2557533356172752,0.06540976867936261
KineticEnergy,RadarReflectivity,RainAbsolute,VolumeEquivalentDiameter,0.2557533356172752,0.06540976867936261
KineticEnergy,RadarReflectivity,RainAccumulated,VolumeEquivalentDiameter,0.2557533356172752,0.06540976867936261
KineticEnergy,Pressure,RadarReflectivity,RainAbsolute,0.2551750741693907,0.06511431847735406
KineticEnergy,Pressure,RadarReflectivity,RainAccumulated,0.2551750741693907,0.06511431847735406
KineticEnergy,RadarReflectivity,RainAbsolute,RainIntensity,0.2531463943842593,0.06408309698975094
KineticEnergy,RadarReflectivity,RainAccumulated,RainIntensity,0.2531463943842593,0.06408309698975094
ParticlesDetected,RadarReflectivity,RainAbsolute,RainAccumulated,0.2531274194768797,0.06407349049102423
Humidity,RainAbsolute,SnowDepthIntensity,WindSpeed,0.24876904132683367,0.061886035922671875
Humidity,RainAccumulated,SnowDepthIntensity,WindSpeed,0.24876904132683367,0.061886035922671875
Humidity,Pressure,Temperature,WindSpeed,-0.24751013682861955,0.061261267832921976
Humidity,Pressure,SnowDepthIntensity,WindSpeed,-0.24590065638422295,0.06046713281019169
Humidity,RainRate,Temperature,WindSpeed,-0.24562762931394772,0.06033293228239011
AverageParticleSpeed,Humidity,Temperature,WindSpeed,-0.24562762931394747,0.060332932282389985
Humidity,Temperature,VolumeEquivalentDiameter,WindSpeed,-0.24562762931394747,0.060332932282389985
Humidity,RainIntensity,Temperature,WindSpeed,-0.24390808129807293,0.05949115212250735
Humidity,RainRate,SnowDepthIntensity,WindSpeed,-0.24389446211067178,0.059484508648253914
AverageParticleSpeed,Humidity,SnowDepthIntensity,WindSpeed,-0.24389446211067156,0.0594845086482538
Humidity,SnowDepthIntensity,VolumeEquivalentDiameter,WindSpeed,-0.24389446211067156,0.0594845086482538
Humidity,KineticEnergy,Temperature,WindSpeed,-0.24284503506996336,0.058973711058131734
AverageParticleSpeed,ParticlesDetected,RainAbsolute,VolumeEquivalentDiameter,0.24270686640454509,0.05890662299991369
AverageParticleSpeed,ParticlesDetected,RainAccumulated,VolumeEquivalentDiameter,0.24270686640454509,0.05890662299991369
AverageParticleSpeed,ParticlesDetected,RainAbsolute,RainRate,0.24270686640454503,0.05890662299991367
AverageParticleSpeed,ParticlesDetected,RainAccumulated,RainRate,0.24270686640454503,0.05890662299991367
ParticlesDetected,RainAbsolute,RainRate,VolumeEquivalentDiameter,0.24270686640454503,0.05890662299991367
ParticlesDetected,RainAccumulated,RainRate,VolumeEquivalentDiameter,0.24270686640454503,0.05890662299991367
ParticlesDetected,Pressure,RainAbsolute,RainRate,0.24208942030885244,0.05860728742547622
ParticlesDetected,Pressure,RainAccumulated,RainRate,0.24208942030885244,0.05860728742547622
AverageParticleSpeed,ParticlesDetected,Pressure,RainAbsolute,0.24208942030885242,0.058607287425476204
AverageParticleSpeed,ParticlesDetected,Pressure,RainAccumulated,0.24208942030885242,0.058607287425476204
ParticlesDetected,Pressure,RainAbsolute,VolumeEquivalentDiameter,0.24208942030885242,0.058607287425476204
ParticlesDetected,Pressure,RainAccumulated,VolumeEquivalentDiameter,0.24208942030885242,0.058607287425476204
Humidity,RainIntensity,SnowDepthIntensity,WindSpeed,-0.2412783254509413,0.05821523033241035
ParticlesDetected,RainAbsolute,RainIntensity,RainRate,0.24005325328884347,0.057625564414557635
ParticlesDetected,RainAccumulated,RainIntensity,RainRate,0.24005325328884347,0.057625564414557635
AverageParticleSpeed,ParticlesDetected,RainAbsolute,RainIntensity,0.24005325328884267,0.057625564414557254
AverageParticleSpeed,ParticlesDetected,RainAccumulated,RainIntensity,0.24005325328884267,0.057625564414557254
ParticlesDetected,RainAbsolute,RainIntensity,VolumeEquivalentDiameter,0.24005325328884267,0.057625564414557254
ParticlesDetected,RainAccumulated,RainIntensity,VolumeEquivalentDiameter,0.24005325328884267,0.057625564414557254
Humidity,KineticEnergy,SnowDepthIntensity,WindSpeed,-0.23996685570906226,0.05758409183889391
ParticlesDetected,Pressure,RainAbsolute,RainIntensity,0.23943120583330366,0.05732730232678982
ParticlesDetected,Pressure,RainAccumulated,RainIntensity,0.23943120583330366,0.05732730232678982
AverageParticleSpeed,KineticEnergy,ParticlesDetected,RainAbsolute,0.23892813723305703,0.057086654761658535
AverageParticleSpeed,KineticEnergy,ParticlesDetected,RainAccumulated,0.23892813723305703,0.057086654761658535
KineticEnergy,ParticlesDetected,RainAbsolute,VolumeEquivalentDiameter,0.23892813723305703,0.057086654761658535
KineticEnergy,ParticlesDetected,RainAccumulated,VolumeEquivalentDiameter,0.23892813723305703,0.057086654761658535
KineticEnergy,ParticlesDetected,RainAbsolute,RainRate,0.2389281372330555,0.05708665476165781
KineticEnergy,ParticlesDetected,RainAccumulated,RainRate,0.2389281372330555,0.05708665476165781
KineticEnergy,ParticlesDetected,Pressure,RainAbsolute,0.23830413829274705,0.05678886232744871
KineticEnergy,ParticlesDetected,Pressure,RainAccumulated,0.23830413829274705,0.05678886232744871
Humidity,RainAbsolute,SnowDepthIntensity,Temperature,0.23819300547330316,0.05673590785640503
Humidity,RainAccumulated,SnowDepthIntensity,Temperature,0.23819300547330316,0.05673590785640503
AverageParticleSpeed,RadarReflectivity,RainAbsolute,SnowDepthIntensity,0.2366801216395623,0.05601747997931801
AverageParticleSpeed,RadarReflectivity,RainAccumulated,SnowDepthIntensity,0.2366801216395623,0.05601747997931801
RadarReflectivity,RainAbsolute,SnowDepthIntensity,VolumeEquivalentDiameter,0.2366801216395623,0.05601747997931801
RadarReflectivity,RainAccumulated,SnowDepthIntensity,VolumeEquivalentDiameter,0.2366801216395623,0.05601747997931801
RadarReflectivity,RainAbsolute,RainRate,SnowDepthIntensity,0.23668012163956148,0.05601747997931762
RadarReflectivity,RainAccumulated,RainRate,SnowDepthIntensity,0.23668012163956148,0.05601747997931762
KineticEnergy,ParticlesDetected,RainAbsolute,RainIntensity,0.23629619095843277,0.05583588986146412
KineticEnergy,ParticlesDetected,RainAccumulated,RainIntensity,0.23629619095843277,0.05583588986146412
Pressure,RadarReflectivity,RainAbsolute,SnowDepthIntensity,0.2360634946000499,0.055725973482787794
Pressure,RadarReflectivity,RainAccumulated,SnowDepthIntensity,0.2360634946000499,0.055725973482787794
Humidity,RainAbsolute,Temperature,WindSpeed,0.23564593942232176,0.05552900876622854
Humidity,RainAccumulated,Temperature,WindSpeed,0.23564593942232176,0.05552900876622854
AverageParticleSpeed,RadarReflectivity,RainAbsolute,Temperature,0.23479066724463957,0.055126657425183065
AverageParticleSpeed,RadarReflectivity,RainAccumulated,Temperature,0.23479066724463957,0.055126657425183065
RadarReflectivity,RainAbsolute,Temperature,VolumeEquivalentDiameter,0.23479066724463957,0.055126657425183065
RadarReflectivity,RainAccumulated,Temperature,VolumeEquivalentDiameter,0.23479066724463957,0.055126657425183065
RadarReflectivity,RainAbsolute,RainRate,Temperature,0.23479066724463923,0.055126657425182905
RadarReflectivity,RainAccumulated,RainRate,Temperature,0.23479066724463923,0.055126657425182905
RadarReflectivity,RainAbsolute,RainIntensity,SnowDepthIntensity,0.23425063812779365,0.05487336146327853
RadarReflectivity,RainAccumulated,RainIntensity,SnowDepthIntensity,0.23425063812779365,0.05487336146327853
RadarReflectivity,RainAbsolute,RainRate,WindSpeed,0.23418279670767275,0.05484158227382718
RadarReflectivity,RainAccumulated,RainRate,WindSpeed,0.23418279670767275,0.05484158227382718
AverageParticleSpeed,RadarReflectivity,RainAbsolute,WindSpeed,0.2341827967076725,0.054841582273827065
AverageParticleSpeed,RadarReflectivity,RainAccumulated,WindSpeed,0.2341827967076725,0.054841582273827065
RadarReflectivity,RainAbsolute,VolumeEquivalentDiameter,WindSpeed,0.2341827967076725,0.054841582273827065
RadarReflectivity,RainAccumulated,VolumeEquivalentDiameter,WindSpeed,0.2341827967076725,0.054841582273827065
Pressure,RadarReflectivity,RainAbsolute,Temperature,0.23415954985387508,0.054830694787769405
Pressure,RadarReflectivity,RainAccumulated,Temperature,0.23415954985387508,0.054830694787769405
Pressure,RadarReflectivity,RainAbsolute,WindSpeed,0.23343507606849256,0.05449193473910291
Pressure,RadarReflectivity,RainAccumulated,WindSpeed,0.23343507606849256,0.05449193473910291
KineticEnergy,RadarReflectivity,RainAbsolute,SnowDepthIntensity,0.23330362510410993,0.054430581486719073
KineticEnergy,RadarReflectivity,RainAccumulated,SnowDepthIntensity,0.23330362510410993,0.054430581486719073
RadarReflectivity,RainAbsolute,RainIntensity,Temperature,0.23240143138454902,0.054010425309587246
RadarReflectivity,RainAccumulated,RainIntensity,Temperature,0.23240143138454902,0.054010425309587246
RadarReflectivity,RainAbsolute,RainIntensity,WindSpeed,0.23151622858962653,0.053599764100364204
RadarReflectivity,RainAccumulated,RainIntensity,WindSpeed,0.23151622858962653,0.053599764100364204
KineticEnergy,RadarReflectivity,RainAbsolute,Temperature,0.23144483578375008,0.05356671201096704
KineticEnergy,RadarReflectivity,RainAccumulated,Temperature,0.23144483578375008,0.05356671201096704
KineticEnergy,RadarReflectivity,RainAbsolute,WindSpeed,0.23042126133082388,0.05309395767328783
KineticEnergy,RadarReflectivity,RainAccumulated,WindSpeed,0.23042126133082388,0.05309395767328783
Humidity,SnowDepthIntensity,Temperature,WindSpeed,-0.22712298127488356,0.05158484862319111
AverageParticleSpeed,ParticlesDetected,RainAbsolute,SnowDepthIntensity,0.22157007975655588,0.04909330024332653
AverageParticleSpeed,ParticlesDetected,RainAccumulated,SnowDepthIntensity,0.22157007975655588,0.04909330024332653
ParticlesDetected,RainAbsolute,SnowDepthIntensity,VolumeEquivalentDiameter,0.22157007975655588,0.04909330024332653
ParticlesDetected,RainAccumulated,SnowDepthIntensity,VolumeEquivalentDiameter,0.22157007975655588,0.04909330024332653
ParticlesDetected,RainAbsolute,RainRate,SnowDepthIntensity,0.22157007975655496,0.04909330024332613
ParticlesDetected,RainAccumulated,RainRate,SnowDepthIntensity,0.22157007975655496,0.04909330024332613
ParticlesDetected,Pressure,RainAbsolute,SnowDepthIntensity,0.2209207490248103,0.04880597734968322
ParticlesDetected,Pressure,RainAccumulated,SnowDepthIntensity,0.2209207490248103,0.04880597734968322
AverageParticleSpeed,ParticlesDetected,RainAbsolute,Temperature,0.22001644185086902,0.04840723468471683
AverageParticleSpeed,ParticlesDetected,RainAccumulated,Temperature,0.22001644185086902,0.04840723468471683
ParticlesDetected,RainAbsolute,Temperature,VolumeEquivalentDiameter,0.22001644185086902,0.04840723468471683
ParticlesDetected,RainAccumulated,Temperature,VolumeEquivalentDiameter,0.22001644185086902,0.04840723468471683
ParticlesDetected,RainAbsolute,RainRate,Temperature,0.22001644185086885,0.048407234684716756
ParticlesDetected,RainAccumulated,RainRate,Temperature,0.22001644185086885,0.048407234684716756
ParticlesDetected,Pressure,RainAbsolute,Temperature,0.21935185249158726,0.04811523519149105
ParticlesDetected,Pressure,RainAccumulated,Temperature,0.21935185249158726,0.04811523519149105
ParticlesDetected,RainAbsolute,RainIntensity,SnowDepthIntensity,0.2191350747147841,0.04802018097025401
ParticlesDetected,RainAccumulated,RainIntensity,SnowDepthIntensity,0.2191350747147841,0.04802018097025401
KineticEnergy,ParticlesDetected,RainAbsolute,SnowDepthIntensity,0.2181464776009251,0.04758788568969091
KineticEnergy,ParticlesDetected,RainAccumulated,SnowDepthIntensity,0.2181464776009251,0.04758788568969091
ParticlesDetected,RainAbsolute,RainIntensity,Temperature,0.21759512619847035,0.04734763894532824
ParticlesDetected,RainAccumulated,RainIntensity,Temperature,0.21759512619847035,0.04734763894532824
KineticEnergy,ParticlesDetected,RainAbsolute,Temperature,0.21658764092570046,0.04691020620176015
KineticEnergy,ParticlesDetected,RainAccumulated,Temperature,0.21658764092570046,0.04691020620176015
ParticlesDetected,RainAbsolute,RainRate,WindSpeed,0.216031598819421,0.046669651688475255
ParticlesDetected,RainAccumulated,RainRate,WindSpeed,0.216031598819421,0.046669651688475255
AverageParticleSpeed,ParticlesDetected,RainAbsolute,WindSpeed,0.21603159881942074,0.04666965168847515
AverageParticleSpeed,ParticlesDetected,RainAccumulated,WindSpeed,0.21603159881942074,0.04666965168847515
ParticlesDetected,RainAbsolute,VolumeEquivalentDiameter,WindSpeed,0.21603159881942074,0.04666965168847515
ParticlesDetected,RainAccumulated,VolumeEquivalentDiameter,WindSpeed,0.21603159881942074,0.04666965168847515
ParticlesDetected,Pressure,RainAbsolute,WindSpeed,0.2152489387885811,0.04633210564961033
ParticlesDetected,Pressure,RainAccumulated,WindSpeed,0.2152489387885811,0.04633210564961033
RadarReflectivity,RainAbsolute,SnowDepthIntensity,Temperature,0.21406106684745344,0.04582214033986993
RadarReflectivity,RainAccumulated,SnowDepthIntensity,Temperature,0.21406106684745344,0.04582214033986993
ParticlesDetected,RainAbsolute,RainIntensity,WindSpeed,0.21339395944493417,0.045536981927586206
ParticlesDetected,RainAccumulated,RainIntensity,WindSpeed,0.21339395944493417,0.045536981927586206
KineticEnergy,ParticlesDetected,RainAbsolute,WindSpeed,0.21227256154054724,0.04505964038298542
KineticEnergy,ParticlesDetected,RainAccumulated,WindSpeed,0.21227256154054724,0.04505964038298542
RadarReflectivity,RainAbsolute,SnowDepthIntensity,WindSpeed,0.21125729417283465,0.0446296443412276
RadarReflectivity,RainAccumulated,SnowDepthIntensity,WindSpeed,0.21125729417283465,0.0446296443412276
RainAbsolute,RainAccumulated,RainRate,WeatherCode4680,0.2100137374596382,0.04410576992176584
AverageParticleSpeed,RainAbsolute,RainAccumulated,WeatherCode4680,0.21001373745963797,0.04410576992176574
RainAbsolute,RainAccumulated,VolumeEquivalentDiameter,WeatherCode4680,0.21001373745963797,0.04410576992176574
Pressure,RainAbsolute,RainAccumulated,WeatherCode4680,0.2096993973882472,0.043973837264994015
RadarReflectivity,RainAbsolute,Temperature,WindSpeed,0.2091849945530397,0.043758361946155254
RadarReflectivity,RainAccumulated,Temperature,WindSpeed,0.2091849945530397,0.043758361946155254
RainAbsolute,RainAccumulated,RainIntensity,WeatherCode4680,0.20905350378902005,0.043703367446465816
KineticEnergy,RainAbsolute,RainAccumulated,WeatherCode4680,0.20872795138441752,0.04356735768913576
AverageParticleSpeed,Humidity,Pressure,VolumeEquivalentDiameter,-0.2081044296329238,0.043307453632844536
AverageParticleSpeed,Humidity,Pressure,RainRate,-0.2081044296329237,0.04330745363284449
Humidity,Pressure,RainRate,VolumeEquivalentDiameter,-0.2081044296329237,0.04330745363284449
AverageParticleSpeed,Humidity,Pressure,RainIntensity,-0.20651844182548318,0.04264986681402548
Humidity,Pressure,RainIntensity,VolumeEquivalentDiameter,-0.20651844182548318,0.04264986681402548
Humidity,Pressure,RainIntensity,RainRate,-0.2065184418254831,0.042649866814025446
Humidity,KineticEnergy,Pressure,RainRate,-0.20540895175009322,0.042192837459072124
AverageParticleSpeed,Humidity,KineticEnergy,Pressure,-0.2054089517500931,0.042192837459072076
Humidity,KineticEnergy,Pressure,VolumeEquivalentDiameter,-0.2054089517500931,0.042192837459072076
AverageParticleSpeed,Humidity,RainRate,VolumeEquivalentDiameter,-0.20485465895004393,0.041965431293538816
Humidity,KineticEnergy,Pressure,RainIntensity,-0.20345097221806277,0.04139229809647495
AverageParticleSpeed,Humidity,RainIntensity,RainRate,-0.20330537108128333,0.041333073910498314
Humidity,RainIntensity,RainRate,VolumeEquivalentDiameter,-0.20330537108128333,0.041333073910498314
AverageParticleSpeed,Humidity,RainIntensity,VolumeEquivalentDiameter,-0.20330537108128324,0.04133307391049828
Pressure,RainRate,Temperature,WindSpeed,-0.20289960291415074,0.041168248862720046
AverageParticleSpeed,Pressure,Temperature,WindSpeed,-0.2028996029141507,0.04116824886272004
Pressure,Temperature,VolumeEquivalentDiameter,WindSpeed,-0.2028996029141507,0.04116824886272004
AverageParticleSpeed,Humidity,KineticEnergy,RainRate,-0.2022136724229584,0.040890369314779525
Humidity,KineticEnergy,RainRate,VolumeEquivalentDiameter,-0.2022136724229584,0.040890369314779525
AverageParticleSpeed,Humidity,KineticEnergy,VolumeEquivalentDiameter,-0.2022136724229583,0.04089036931477948
Pressure,RainIntensity,Temperature,WindSpeed,-0.20174461943532096,0.040700891471102486
RainAbsolute,RainAccumulated,SnowDepthIntensity,WeatherCode4680,0.20173294256911767,0.040696180117594925
ParticlesDetected,RainAbsolute,SnowDepthIntensity,Temperature,0.20066367225978488,0.04026590936478236
ParticlesDetected,RainAccumulated,SnowDepthIntensity,Temperature,0.20066367225978488,0.04026590936478236
AverageParticleSpeed,Humidity,KineticEnergy,RainIntensity,-0.2002976460594605,0.040119147016960906
Humidity,KineticEnergy,RainIntensity,VolumeEquivalentDiameter,-0.2002976460594605,0.040119147016960906
Humidity,KineticEnergy,RainIntensity,RainRate,-0.20029764605946004,0.04011914701696073
KineticEnergy,Pressure,Temperature,WindSpeed,-0.20005174607347562,0.040020701107046364
RainAbsolute,RainAccumulated,Temperature,WeatherCode4680,0.20001599861417807,0.04000639970162689
AverageParticleSpeed,Temperature,VolumeEquivalentDiameter,WindSpeed,-0.19947541440039077,0.039790440950207624
AverageParticleSpeed,RainRate,Temperature,WindSpeed,-0.19947541440039065,0.03979044095020758
RainRate,Temperature,VolumeEquivalentDiameter,WindSpeed,-0.19947541440039065,0.03979044095020758
RainAbsolute,RainAccumulated,WeatherCode4680,WindSpeed,0.19901544606115018,0.039607147770918574
RainIntensity,RainRate,Temperature,WindSpeed,-0.19833133986842616,0.03933532037400517
AverageParticleSpeed,RainIntensity,Temperature,WindSpeed,-0.19833133986842613,0.03933532037400516
RainIntensity,Temperature,VolumeEquivalentDiameter,WindSpeed,-0.19833133986842613,0.03933532037400516
KineticEnergy,RainRate,Temperature,WindSpeed,-0.19664502779913465,0.038669266958122436
AverageParticleSpeed,KineticEnergy,Temperature,WindSpeed,-0.19664502779913462,0.03866926695812243
KineticEnergy,Temperature,VolumeEquivalentDiameter,WindSpeed,-0.19664502779913462,0.03866926695812243
ParticlesDetected,RainAbsolute,SnowDepthIntensity,WindSpeed,0.1952240614586945,0.03811243417242813
ParticlesDetected,RainAccumulated,SnowDepthIntensity,WindSpeed,0.1952240614586945,0.03811243417242813
KineticEnergy,RainIntensity,Temperature,WindSpeed,-0.19470606687538045,0.03791045247808012
ParticlesDetected,RainAbsolute,Temperature,WindSpeed,0.19335959842973313,0.03738793430490765
ParticlesDetected,RainAccumulated,Temperature,WindSpeed,0.19335959842973313,0.03738793430490765
AverageParticleSpeed,Humidity,Pressure,Temperature,-0.19034124278495737,0.036229788704922085
Humidity,Pressure,Temperature,VolumeEquivalentDiameter,-0.19034124278495737,0.036229788704922085
Humidity,Pressure,RainRate,Temperature,-0.19034124278495734,0.03622978870492208
Humidity,Pressure,RainIntensity,Temperature,-0.18906194651179506,0.035744419618828856
Humidity,KineticEnergy,Pressure,Temperature,-0.1882306833916029,0.03543079017006985
AverageParticleSpeed,Humidity,Temperature,VolumeEquivalentDiameter,-0.18777932054176852,0.03526107322312825
AverageParticleSpeed,Humidity,RainRate,Temperature,-0.1877793205417684,0.03526107322312821
Humidity,RainRate,Temperature,VolumeEquivalentDiameter,-0.1877793205417684,0.03526107322312821
Humidity,Pressure,RainRate,SnowDepthIntensity,-0.18751514938169905,0.03516193124764091
AverageParticleSpeed,Humidity,Pressure,SnowDepthIntensity,-0.18751514938169903,0.0351619312476409
Humidity,Pressure,SnowDepthIntensity,VolumeEquivalentDiameter,-0.18751514938169903,0.0351619312476409
Humidity,RainIntensity,RainRate,Temperature,-0.18652679920528378,0.034792246821768257
AverageParticleSpeed,Humidity,RainIntensity,Temperature,-0.1865267992052837,0.03479224682176822
Humidity,RainIntensity,Temperature,VolumeEquivalentDiameter,-0.1865267992052837,0.03479224682176822
Humidity,KineticEnergy,RainRate,Temperature,-0.1857077269915882,0.034487359864382255
AverageParticleSpeed,Humidity,KineticEnergy,Temperature,-0.18570772699158808,0.034487359864382214
Humidity,KineticEnergy,Temperature,VolumeEquivalentDiameter,-0.18570772699158808,0.034487359864382214
Humidity,Pressure,RainIntensity,SnowDepthIntensity,-0.18535008255934793,0.03435465310475709
AverageParticleSpeed,Humidity,RainRate,SnowDepthIntensity,-0.1847117475983954,0.034118429700853325
Humidity,RainRate,SnowDepthIntensity,VolumeEquivalentDiameter,-0.1847117475983954,0.034118429700853325
AverageParticleSpeed,Humidity,SnowDepthIntensity,VolumeEquivalentDiameter,-0.1847117475983952,0.034118429700853256
Humidity,KineticEnergy,Pressure,SnowDepthIntensity,-0.18426978204806904,0.03395535257604287
Humidity,KineticEnergy,RainIntensity,Temperature,-0.1842666780630112,0.03395420864437741
Humidity,RainIntensity,RainRate,SnowDepthIntensity,-0.18259056255149703,0.03333931353287215
AverageParticleSpeed,Humidity,RainIntensity,SnowDepthIntensity,-0.18259056255149667,0.03333931353287202
Humidity,RainIntensity,SnowDepthIntensity,VolumeEquivalentDiameter,-0.18259056255149667,0.03333931353287202
Humidity,KineticEnergy,RainRate,SnowDepthIntensity,-0.18152784556013732,0.03295235871370507
AverageParticleSpeed,Humidity,KineticEnergy,SnowDepthIntensity,-0.18152784556013687,0.0329523587137049
Humidity,KineticEnergy,SnowDepthIntensity,VolumeEquivalentDiameter,-0.18152784556013687,0.0329523587137049
Humidity,KineticEnergy,RainIntensity,SnowDepthIntensity,-0.17928538795270807,0.03214325033335304
Pressure,SnowDepthIntensity,Temperature,WindSpeed,-0.17898924057543925,0.032037148241772465
Pressure,RainIntensity,RainRate,WindSpeed,-0.1786626059921342,0.031920326779900594
AverageParticleSpeed,Pressure,RainIntensity,WindSpeed,-0.1786626059921341,0.03192032677990055
Pressure,RainIntensity,VolumeEquivalentDiameter,WindSpeed,-0.1786626059921341,0.03192032677990055
KineticEnergy,Pressure,RainIntensity,WindSpeed,-0.1781597301927583,0.03174088946235643
KineticEnergy,Pressure,RainRate,WindSpeed,-0.17775889592774888,0.031598225081452255
AverageParticleSpeed,KineticEnergy,Pressure,WindSpeed,-0.17775889592774874,0.03159822508145221
KineticEnergy,Pressure,VolumeEquivalentDiameter,WindSpeed,-0.17775889592774874,0.03159822508145221
AverageParticleSpeed,Pressure,VolumeEquivalentDiameter,WindSpeed,-0.17700348958550385,0.03133023532544557
AverageParticleSpeed,Pressure,RainRate,WindSpeed,-0.17700348958550383,0.031330235325445564
Pressure,RainRate,VolumeEquivalentDiameter,WindSpeed,-0.17700348958550383,0.031330235325445564
Humidity,Pressure,SnowDepthIntensity,Temperature,-0.17587092540778954,0.030930582403792272
RainRate,SnowDepthIntensity,Temperature,WindSpeed,-0.17586604843982054,0.030928866993837303
AverageParticleSpeed,SnowDepthIntensity,Temperature,WindSpeed,-0.17586604843982037,0.030928866993837244
SnowDepthIntensity,Temperature,VolumeEquivalentDiameter,WindSpeed,-0.17586604843982037,0.030928866993837244
AverageParticleSpeed,Humidity,RadarReflectivity,RainAbsolute,0.17472596220190614,0.030529161867381933
AverageParticleSpeed,Humidity,RadarReflectivity,RainAccumulated,0.17472596220190614,0.030529161867381933
Humidity,RadarReflectivity,RainAbsolute,VolumeEquivalentDiameter,0.17472596220190614,0.030529161867381933
Humidity,RadarReflectivity,RainAccumulated,VolumeEquivalentDiameter,0.17472596220190614,0.030529161867381933
Humidity,RadarReflectivity,RainAbsolute,RainRate,0.17472596220190587,0.030529161867381836
Humidity,RadarReflectivity,RainAccumulated,RainRate,0.17472596220190587,0.030529161867381836
AverageParticleSpeed,RainIntensity,VolumeEquivalentDiameter,WindSpeed,-0.17465186702772814,0.030503274656271232
AverageParticleSpeed,RainIntensity,RainRate,WindSpeed,-0.17465186702772806,0.030503274656271204
RainIntensity,RainRate,VolumeEquivalentDiameter,WindSpeed,-0.17465186702772806,0.030503274656271204
Humidity,RainAbsolute,RainAccumulated,WeatherCode4680,0.17448999462443163,0.030446758224034177
KineticEnergy,RainIntensity,RainRate,WindSpeed,-0.17417016610713548,0.030335246761787164
AverageParticleSpeed,KineticEnergy,RainIntensity,WindSpeed,-0.17417016610713543,0.030335246761787147
KineticEnergy,RainIntensity,VolumeEquivalentDiameter,WindSpeed,-0.17417016610713543,0.030335246761787147
Humidity,Pressure,RadarReflectivity,RainAbsolute,0.17394769102706173,0.03025779921364613
Humidity,Pressure,RadarReflectivity,RainAccumulated,0.17394769102706173,0.03025779921364613
AverageParticleSpeed,KineticEnergy,VolumeEquivalentDiameter,WindSpeed,-0.1737538461187347,0.03019039904105294
AverageParticleSpeed,KineticEnergy,RainRate,WindSpeed,-0.1737538461187346,0.0301903990410529
KineticEnergy,RainRate,VolumeEquivalentDiameter,WindSpeed,-0.1737538461187346,0.0301903990410529
Humidity,RainRate,SnowDepthIntensity,Temperature,-0.17360148986426416,0.030137477283092212
AverageParticleSpeed,Humidity,SnowDepthIntensity,Temperature,-0.17360148986426388,0.030137477283092115
Humidity,SnowDepthIntensity,Temperature,VolumeEquivalentDiameter,-0.17360148986426388,0.030137477283092115
RainIntensity,SnowDepthIntensity,Temperature,WindSpeed,-0.17329654888720583,0.03003169385621572
AverageParticleSpeed,RainRate,VolumeEquivalentDiameter,WindSpeed,-0.17298245575427,0.029922929998777974
Humidity,RadarReflectivity,RainAbsolute,RainIntensity,0.17273435199147355,0.02983715635791428
Humidity,RadarReflectivity,RainAccumulated,RainIntensity,0.17273435199147355,0.02983715635791428
Humidity,RainIntensity,SnowDepthIntensity,Temperature,-0.17204188827870887,0.029598411322503744
Humidity,KineticEnergy,RadarReflectivity,RainAbsolute,0.1719759621342992,0.02957573155201791
Humidity,KineticEnergy,RadarReflectivity,RainAccumulated,0.1719759621342992,0.02957573155201791
KineticEnergy,SnowDepthIntensity,Temperature,WindSpeed,-0.17174893897816076,0.02949769804012399
Humidity,KineticEnergy,SnowDepthIntensity,Temperature,-0.17124301510002857,0.02932417022054861
RadarReflectivity,RainAbsolute,RainAccumulated,WeatherCode4680,0.1671667292150803,0.027944715356467982
Pressure,RainRate,SnowDepthIntensity,WindSpeed,-0.16635641381128485,0.027674456416151447
AverageParticleSpeed,Pressure,SnowDepthIntensity,WindSpeed,-0.16635641381128466,0.02767445641615138
Pressure,SnowDepthIntensity,VolumeEquivalentDiameter,WindSpeed,-0.16635641381128466,0.02767445641615138
Pressure,RainIntensity,SnowDepthIntensity,WindSpeed,-0.16449958003822449,0.027060111832752223
ParticlesDetected,RainAbsolute,RainAccumulated,WeatherCode4680,0.16381241903757385,0.026834508630941688
KineticEnergy,Pressure,SnowDepthIntensity,WindSpeed,-0.16304924657561323,0.026585056808875122
AverageParticleSpeed,SnowDepthIntensity,VolumeEquivalentDiameter,WindSpeed,-0.16266380070164801,0.026459512058705465
AverageParticleSpeed,RainRate,SnowDepthIntensity,WindSpeed,-0.1626638007016479,0.02645951205870543
RainRate,SnowDepthIntensity,VolumeEquivalentDiameter,WindSpeed,-0.1626638007016479,0.02645951205870543
Humidity,ParticlesDetected,RainAbsolute,RainRate,0.1622766070119634,0.026333697183315206
Humidity,ParticlesDetected,RainAccumulated,RainRate,0.1622766070119634,0.026333697183315206
AverageParticleSpeed,Humidity,ParticlesDetected,RainAbsolute,0.16227660701196323,0.02633369718331515
AverageParticleSpeed,Humidity,ParticlesDetected,RainAccumulated,0.16227660701196323,0.02633369718331515
Humidity,ParticlesDetected,RainAbsolute,VolumeEquivalentDiameter,0.16227660701196323,0.02633369718331515
Humidity,ParticlesDetected,RainAccumulated,VolumeEquivalentDiameter,0.16227660701196323,0.02633369718331515
Humidity,ParticlesDetected,Pressure,RainAbsolute,0.16148189805936125,0.02607640340085394
Humidity,ParticlesDetected,Pressure,RainAccumulated,0.16148189805936125,0.02607640340085394
AverageParticleSpeed,RainIntensity,SnowDepthIntensity,WindSpeed,-0.160849994924233,0.02587272086712578
RainIntensity,RainRate,SnowDepthIntensity,WindSpeed,-0.160849994924233,0.02587272086712578
RainIntensity,SnowDepthIntensity,VolumeEquivalentDiameter,WindSpeed,-0.160849994924233,0.02587272086712578
Humidity,ParticlesDetected,RainAbsolute,RainIntensity,0.1602893992249695,0.02569269150390165
Humidity,ParticlesDetected,RainAccumulated,RainIntensity,0.1602893992249695,0.02569269150390165
Humidity,KineticEnergy,ParticlesDetected,RainAbsolute,0.1595040134659754,0.02544153031175406
Humidity,KineticEnergy,ParticlesDetected,RainAccumulated,0.1595040134659754,0.02544153031175406
AverageParticleSpeed,KineticEnergy,SnowDepthIntensity,WindSpeed,-0.15941997405185793,0.025414728126695055
KineticEnergy,SnowDepthIntensity,VolumeEquivalentDiameter,WindSpeed,-0.15941997405185793,0.025414728126695055
KineticEnergy,RainRate,SnowDepthIntensity,WindSpeed,-0.1594199740518579,0.025414728126695044
Humidity,RadarReflectivity,RainAbsolute,SnowDepthIntensity,0.1575620999319064,0.024825815334952057
Humidity,RadarReflectivity,RainAccumulated,SnowDepthIntensity,0.1575620999319064,0.024825815334952057
KineticEnergy,RainIntensity,SnowDepthIntensity,WindSpeed,-0.15717116048760651,0.024702773689020963
Humidity,ParticlesDetected,Pressure,WindSpeed,-0.15413873047670254,0.02375874823296955
Humidity,Pressure,RadarReflectivity,WindSpeed,-0.1539733122895362,0.02370778089741104
ParticlesDetected,RadarReflectivity,RainAbsolute,RainRate,0.153153582134026,0.023456019720483848
ParticlesDetected,RadarReflectivity,RainAccumulated,RainRate,0.153153582134026,0.023456019720483848
AverageParticleSpeed,ParticlesDetected,RadarReflectivity,RainAbsolute,0.15315358213402555,0.02345601972048371
AverageParticleSpeed,ParticlesDetected,RadarReflectivity,RainAccumulated,0.15315358213402555,0.02345601972048371
ParticlesDetected,RadarReflectivity,RainAbsolute,VolumeEquivalentDiameter,0.15315358213402555,0.02345601972048371
ParticlesDetected,RadarReflectivity,RainAccumulated,VolumeEquivalentDiameter,0.15315358213402555,0.02345601972048371
Humidity,ParticlesDetected,RainRate,WindSpeed,-0.15283815403439027,0.02335950132864001
AverageParticleSpeed,Humidity,ParticlesDetected,WindSpeed,-0.15283815403439022,0.02335950132863999
Humidity,ParticlesDetected,VolumeEquivalentDiameter,WindSpeed,-0.15283815403439022,0.02335950132863999
AverageParticleSpeed,Humidity,RadarReflectivity,WindSpeed,-0.15258886423430418,0.023283361488314912
Humidity,RadarReflectivity,VolumeEquivalentDiameter,WindSpeed,-0.15258886423430418,0.023283361488314912
Humidity,RadarReflectivity,RainRate,WindSpeed,-0.15258886423430393,0.023283361488314835
ParticlesDetected,Pressure,RadarReflectivity,RainAbsolute,0.15252961874976123,0.023265284595947514
ParticlesDetected,Pressure,RadarReflectivity,RainAccumulated,0.15252961874976123,0.023265284595947514
Humidity,ParticlesDetected,Temperature,WindSpeed,-0.15239696662039762,0.023224835435098585
Humidity,RadarReflectivity,RainAbsolute,Temperature,0.15197817576789782,0.023097365909738043
Humidity,RadarReflectivity,RainAccumulated,Temperature,0.15197817576789782,0.023097365909738043
ParticlesDetected,RadarReflectivity,RainAbsolute,RainIntensity,0.1516873948046648,0.023009065742626254
ParticlesDetected,RadarReflectivity,RainAccumulated,RainIntensity,0.1516873948046648,0.023009065742626254
Humidity,ParticlesDetected,RainIntensity,WindSpeed,-0.151505571275091,0.022953938127391684
Humidity,RadarReflectivity,RainIntensity,WindSpeed,-0.15134837034383977,0.022906329205736077
Humidity,RadarReflectivity,Temperature,WindSpeed,-0.15125753749301948,0.022878842648452195
KineticEnergy,ParticlesDetected,RadarReflectivity,RainAbsolute,0.1511003297799143,0.02283130965959886
KineticEnergy,ParticlesDetected,RadarReflectivity,RainAccumulated,0.1511003297799143,0.02283130965959886
Humidity,KineticEnergy,ParticlesDetected,WindSpeed,-0.15073632480119337,0.022721439614570862
Humidity,KineticEnergy,RadarReflectivity,WindSpeed,-0.15064488524161954,0.02269388144946072
Humidity,RadarReflectivity,RainAbsolute,WindSpeed,0.14684165562090132,0.02156247182548738
Humidity,RadarReflectivity,RainAccumulated,WindSpeed,0.14684165562090132,0.02156247182548738
Humidity,ParticlesDetected,RainAbsolute,SnowDepthIntensity,0.14630438833954176,0.021404974047407443
Humidity,ParticlesDetected,RainAccumulated,SnowDepthIntensity,0.14630438833954176,0.021404974047407443
Humidity,ParticlesDetected,SnowDepthIntensity,WindSpeed,-0.14392062911407286,0.020713147484590515
Humidity,RadarReflectivity,SnowDepthIntensity,WindSpeed,-0.14298277960939554,0.020444075264828977
ParticlesDetected,RadarReflectivity,RainAbsolute,SnowDepthIntensity,0.14125790779209746,0.01995379651380071
ParticlesDetected,RadarReflectivity,RainAccumulated,SnowDepthIntensity,0.14125790779209746,0.01995379651380071
Humidity,ParticlesDetected,RainAbsolute,Temperature,0.14118248022581273,0.019932492722712
Humidity,ParticlesDetected,RainAccumulated,Temperature,0.14118248022581273,0.019932492722712
ParticlesDetected,RadarReflectivity,RainAbsolute,Temperature,0.1388235110946624,0.019271967232649855
ParticlesDetected,RadarReflectivity,RainAccumulated,Temperature,0.1388235110946624,0.019271967232649855
Humidity,ParticlesDetected,RainAbsolute,WindSpeed,0.13386777362660632,0.017920580815744314
Humidity,ParticlesDetected,RainAccumulated,WindSpeed,0.13386777362660632,0.017920580815744314
ParticlesDetected,RadarReflectivity,RainAbsolute,WindSpeed,0.13121300358526924,0.01721685230986788
ParticlesDetected,RadarReflectivity,RainAccumulated,WindSpeed,0.13121300358526924,0.01721685230986788
AverageParticleSpeed,Pressure,RainIntensity,VolumeEquivalentDiameter,-0.1256784308534393,0.015795067981782724
AverageParticleSpeed,Pressure,RainIntensity,RainRate,-0.1256784308534385,0.01579506798178252
Pressure,RainIntensity,RainRate,VolumeEquivalentDiameter,-0.1256784308534385,0.01579506798178252
Humidity,ParticlesDetected,Pressure,Temperature,-0.11954679847069546,0.014291437024593075
Humidity,ParticlesDetected,RainRate,Temperature,-0.11826239419188873,0.013985993879997678
AverageParticleSpeed,Humidity,ParticlesDetected,Temperature,-0.11826239419188868,0.013985993879997665
Humidity,ParticlesDetected,Temperature,VolumeEquivalentDiameter,-0.11826239419188868,0.013985993879997665
Humidity,ParticlesDetected,RainIntensity,Temperature,-0.1174294451292882,0.013789674583372508
Humidity,ParticlesDetected,Pressure,RainRate,-0.11713131993884003,0.013719746110614904
AverageParticleSpeed,Humidity,ParticlesDetected,Pressure,-0.11713131993883996,0.013719746110614888
Humidity,ParticlesDetected,Pressure,VolumeEquivalentDiameter,-0.11713131993883996,0.013719746110614888
Humidity,KineticEnergy,ParticlesDetected,Temperature,-0.11691578620716174,0.013669301064438751
Humidity,ParticlesDetected,Pressure,RainIntensity,-0.11619277972678824,0.013500762060637932
Humidity,Pressure,RadarReflectivity,Temperature,-0.11615770389640796,0.01349261217448559
AverageParticleSpeed,Humidity,ParticlesDetected,VolumeEquivalentDiameter,-0.11570882329581714,0.013388531788502635
AverageParticleSpeed,Humidity,ParticlesDetected,RainRate,-0.11570882329581665,0.013388531788502522
Humidity,ParticlesDetected,RainRate,VolumeEquivalentDiameter,-0.11570882329581665,0.013388531788502522
Humidity,KineticEnergy,ParticlesDetected,Pressure,-0.11561058399888591,0.013365807132563454
AverageParticleSpeed,Humidity,RadarReflectivity,Temperature,-0.11480818293327441,0.013180918868440201
Humidity,RadarReflectivity,Temperature,VolumeEquivalentDiameter,-0.11480818293327441,0.013180918868440201
Humidity,RadarReflectivity,RainRate,Temperature,-0.11480818293327437,0.013180918868440193
AverageParticleSpeed,Humidity,ParticlesDetected,RainIntensity,-0.11478902111792876,0.013176519369212294
Humidity,ParticlesDetected,RainIntensity,VolumeEquivalentDiameter,-0.11478902111792876,0.013176519369212294
Humidity,ParticlesDetected,RainIntensity,RainRate,-0.1147890211179283,0.013176519369212188
AverageParticleSpeed,Humidity,KineticEnergy,ParticlesDetected,-0.11421553925126751,0.01304518940645783
Humidity,KineticEnergy,ParticlesDetected,VolumeEquivalentDiameter,-0.11421553925126751,0.01304518940645783
Humidity,KineticEnergy,ParticlesDetected,RainRate,-0.11421553925126744,0.013045189406457814
AverageParticleSpeed,RainAbsolute,RainRate,WeatherCode4680,0.11417392929047399,0.013035686129626153
AverageParticleSpeed,RainAccumulated,RainRate,WeatherCode4680,0.11417392929047399,0.013035686129626153
RainAbsolute,RainRate,VolumeEquivalentDiameter,WeatherCode4680,0.11417392929047399,0.013035686129626153
RainAccumulated,RainRate,VolumeEquivalentDiameter,WeatherCode4680,0.11417392929047399,0.013035686129626153
AverageParticleSpeed,RainAbsolute,VolumeEquivalentDiameter,WeatherCode4680,0.11417392929047368,0.013035686129626084
AverageParticleSpeed,RainAccumulated,VolumeEquivalentDiameter,WeatherCode4680,0.11417392929047368,0.013035686129626084
Humidity,RadarReflectivity,RainIntensity,Temperature,-0.114103343685676,0.013019573040251496
Humidity,Pressure,RadarReflectivity,RainRate,-0.11398507933328839,0.012992598310616048
AverageParticleSpeed,Humidity,Pressure,RadarReflectivity,-0.1139850793332882,0.012992598310616006
Humidity,Pressure,RadarReflectivity,VolumeEquivalentDiameter,-0.1139850793332882,0.012992598310616006
Humidity,KineticEnergy,RadarReflectivity,Temperature,-0.11366419998241079,0.012919550357641472
Pressure,RainAbsolute,RainRate,WeatherCode4680,0.11363888027463061,0.012913795110071829
Pressure,RainAccumulated,RainRate,WeatherCode4680,0.11363888027463061,0.012913795110071829
AverageParticleSpeed,Pressure,RainAbsolute,WeatherCode4680,0.11363888027463052,0.01291379511007181
AverageParticleSpeed,Pressure,RainAccumulated,WeatherCode4680,0.11363888027463052,0.01291379511007181
Pressure,RainAbsolute,VolumeEquivalentDiameter,WeatherCode4680,0.11363888027463052,0.01291379511007181
Pressure,RainAccumulated,VolumeEquivalentDiameter,WeatherCode4680,0.11363888027463052,0.01291379511007181
AverageParticleSpeed,RainAbsolute,RainIntensity,WeatherCode4680,0.11332010916806202,0.012841447141861495
AverageParticleSpeed,RainAccumulated,RainIntensity,WeatherCode4680,0.11332010916806202,0.012841447141861495
RainAbsolute,RainIntensity,VolumeEquivalentDiameter,WeatherCode4680,0.11332010916806202,0.012841447141861495
RainAccumulated,RainIntensity,VolumeEquivalentDiameter,WeatherCode4680,0.11332010916806202,0.012841447141861495
RainAbsolute,RainIntensity,RainRate,WeatherCode4680,0.1133201091680617,0.012841447141861423
RainAccumulated,RainIntensity,RainRate,WeatherCode4680,0.1133201091680617,0.012841447141861423
Humidity,KineticEnergy,ParticlesDetected,RainIntensity,-0.11331438671934646,0.012840150237581602
Humidity,Pressure,RadarReflectivity,RainIntensity,-0.1131772402448616,0.01280908770944312
AverageParticleSpeed,KineticEnergy,RainAbsolute,WeatherCode4680,0.11304411895587235,0.01277897283050942
AverageParticleSpeed,KineticEnergy,RainAccumulated,WeatherCode4680,0.11304411895587235,0.01277897283050942
KineticEnergy,RainAbsolute,RainRate,WeatherCode4680,0.11304411895587235,0.01277897283050942
KineticEnergy,RainAbsolute,VolumeEquivalentDiameter,WeatherCode4680,0.11304411895587235,0.01277897283050942
KineticEnergy,RainAccumulated,RainRate,WeatherCode4680,0.11304411895587235,0.01277897283050942
KineticEnergy,RainAccumulated,VolumeEquivalentDiameter,WeatherCode4680,0.11304411895587235,0.01277897283050942
Humidity,ParticlesDetected,SnowDepthIntensity,Temperature,-0.11286220435641318,0.012737877172188772
Pressure,RainAbsolute,RainIntensity,WeatherCode4680,0.11278669224033343,0.01272083794651569
Pressure,RainAccumulated,RainIntensity,WeatherCode4680,0.11278669224033343,0.01272083794651569
Humidity,KineticEnergy,Pressure,RadarReflectivity,-0.1126727361967378,0.01269514548205967
KineticEnergy,Pressure,RainAbsolute,WeatherCode4680,0.112511347184225,0.012658803245209214
KineticEnergy,Pressure,RainAccumulated,WeatherCode4680,0.112511347184225,0.012658803245209214
AverageParticleSpeed,Humidity,RadarReflectivity,VolumeEquivalentDiameter,-0.1124722999337497,0.012650018252387353
AverageParticleSpeed,Humidity,RadarReflectivity,RainRate,-0.11247229993374953,0.012650018252387315
Humidity,RadarReflectivity,RainRate,VolumeEquivalentDiameter,-0.11247229993374953,0.012650018252387315
KineticEnergy,RainAbsolute,RainIntensity,WeatherCode4680,0.11219580067003197,0.012587897687989546
KineticEnergy,RainAccumulated,RainIntensity,WeatherCode4680,0.11219580067003197,0.012587897687989546
Humidity,RadarReflectivity,RainIntensity,RainRate,-0.11168375071660658,0.01247326017412912
AverageParticleSpeed,Humidity,RadarReflectivity,RainIntensity,-0.11168375071660618,0.01247326017412903
Humidity,RadarReflectivity,RainIntensity,VolumeEquivalentDiameter,-0.11168375071660618,0.01247326017412903
Humidity,KineticEnergy,RadarReflectivity,RainRate,-0.11118786552516546,0.012362741440042279
AverageParticleSpeed,Humidity,KineticEnergy,RadarReflectivity,-0.1111878655251653,0.012362741440042242
Humidity,KineticEnergy,RadarReflectivity,VolumeEquivalentDiameter,-0.1111878655251653,0.012362741440042242
Humidity,ParticlesDetected,Pressure,SnowDepthIntensity,-0.11115446912092361,0.01235531600555436
Humidity,KineticEnergy,RadarReflectivity,RainIntensity,-0.11040407592922928,0.012189059981787024
AverageParticleSpeed,Humidity,ParticlesDetected,SnowDepthIntensity,-0.10987112487420034,0.012071664081122124
Humidity,ParticlesDetected,SnowDepthIntensity,VolumeEquivalentDiameter,-0.10987112487420034,0.012071664081122124
Humidity,ParticlesDetected,RainRate,SnowDepthIntensity,-0.10987112487420023,0.0120716640811221
Humidity,ParticlesDetected,RadarReflectivity,WindSpeed,-0.1095797927178147,0.012007730972079236
Humidity,RadarReflectivity,SnowDepthIntensity,Temperature,-0.10944732351777084,0.011978716625203594
Humidity,ParticlesDetected,RainIntensity,SnowDepthIntensity,-0.10907560555041508,0.011897487726189742
Humidity,KineticEnergy,ParticlesDetected,SnowDepthIntensity,-0.10859748270220632,0.011793413249256
Humidity,Pressure,RadarReflectivity,SnowDepthIntensity,-0.10788334591373767,0.011638816325543179
AverageParticleSpeed,RainAbsolute,SnowDepthIntensity,WeatherCode4680,0.1068303221165991,0.011412717723536322
AverageParticleSpeed,RainAccumulated,SnowDepthIntensity,WeatherCode4680,0.1068303221165991,0.011412717723536322
RainAbsolute,SnowDepthIntensity,VolumeEquivalentDiameter,WeatherCode4680,0.1068303221165991,0.011412717723536322
RainAccumulated,SnowDepthIntensity,VolumeEquivalentDiameter,WeatherCode4680,0.1068303221165991,0.011412717723536322
RainAbsolute,RainRate,SnowDepthIntensity,WeatherCode4680,0.10683032211659893,0.011412717723536286
RainAccumulated,RainRate,SnowDepthIntensity,WeatherCode4680,0.10683032211659893,0.011412717723536286
Humidity,RadarReflectivity,RainRate,SnowDepthIntensity,-0.10652894141088326,0.011348415358123398
AverageParticleSpeed,Humidity,RadarReflectivity,SnowDepthIntensity,-0.10652894141088322,0.01134841535812339
Humidity,RadarReflectivity,SnowDepthIntensity,VolumeEquivalentDiameter,-0.10652894141088322,0.01134841535812339
Pressure,RainAbsolute,SnowDepthIntensity,WeatherCode4680,0.10630862583639543,0.011301523927222721
Pressure,RainAccumulated,SnowDepthIntensity,WeatherCode4680,0.10630862583639543,0.011301523927222721
RainAbsolute,RainIntensity,SnowDepthIntensity,WeatherCode4680,0.10603100754863033,0.011242574561777702
RainAccumulated,RainIntensity,SnowDepthIntensity,WeatherCode4680,0.10603100754863033,0.011242574561777702
Humidity,RadarReflectivity,RainIntensity,SnowDepthIntensity,-0.10584193515998136,0.011202515238409698
KineticEnergy,RainAbsolute,SnowDepthIntensity,WeatherCode4680,0.10577590808926912,0.01118854273210951
KineticEnergy,RainAccumulated,SnowDepthIntensity,WeatherCode4680,0.10577590808926912,0.01118854273210951
Humidity,KineticEnergy,RadarReflectivity,SnowDepthIntensity,-0.10542860622550691,0.011115191010652996
AverageParticleSpeed,Pressure,Temperature,VolumeEquivalentDiameter,-0.10500865331976214,0.011026817272029992
AverageParticleSpeed,Pressure,RainRate,Temperature,-0.105008653319762,0.011026817272029964
Pressure,RainRate,Temperature,VolumeEquivalentDiameter,-0.105008653319762,0.011026817272029964
AverageParticleSpeed,Pressure,RainIntensity,Temperature,-0.10400592869216017,0.010817233203118707
Pressure,RainIntensity,Temperature,VolumeEquivalentDiameter,-0.10400592869216017,0.010817233203118707
Pressure,RainIntensity,RainRate,Temperature,-0.10400592869215994,0.010817233203118658
AverageParticleSpeed,RainAbsolute,Temperature,WeatherCode4680,0.10382309731775119,0.010779235536651234
AverageParticleSpeed,RainAccumulated,Temperature,WeatherCode4680,0.10382309731775119,0.010779235536651234
RainAbsolute,Temperature,VolumeEquivalentDiameter,WeatherCode4680,0.10382309731775119,0.010779235536651234
RainAccumulated,Temperature,VolumeEquivalentDiameter,WeatherCode4680,0.10382309731775119,0.010779235536651234
RainAbsolute,RainRate,Temperature,WeatherCode4680,0.10382309731775116,0.010779235536651229
RainAccumulated,RainRate,Temperature,WeatherCode4680,0.10382309731775116,0.010779235536651229
ParticlesDetected,Pressure,Temperature,WindSpeed,-0.10335550173713381,0.01068235973933467
Pressure,RainAbsolute,Temperature,WeatherCode4680,0.10329452775820003,0.010669759464789557
Pressure,RainAccumulated,Temperature,WeatherCode4680,0.10329452775820003,0.010669759464789557
RainAbsolute,RainIntensity,Temperature,WeatherCode4680,0.1030435868213682,0.010617980785012847
RainAccumulated,RainIntensity,Temperature,WeatherCode4680,0.1030435868213682,0.010617980785012847
KineticEnergy,RainAbsolute,Temperature,WeatherCode4680,0.1027935757382456,0.010566519213054435
KineticEnergy,RainAccumulated,Temperature,WeatherCode4680,0.1027935757382456,0.010566519213054435
AverageParticleSpeed,KineticEnergy,Pressure,Temperature,-0.10194468126274163,0.010392718037761985
KineticEnergy,Pressure,Temperature,VolumeEquivalentDiameter,-0.10194468126274163,0.010392718037761985
KineticEnergy,Pressure,RainRate,Temperature,-0.10194468126274157,0.010392718037761973
AverageParticleSpeed,ParticlesDetected,Temperature,WindSpeed,-0.101805854810231,0.010364432073641834
ParticlesDetected,Temperature,VolumeEquivalentDiameter,WindSpeed,-0.101805854810231,0.010364432073641834
ParticlesDetected,RainRate,Temperature,WindSpeed,-0.10180585481023091,0.010364432073641816
Pressure,RadarReflectivity,Temperature,WindSpeed,-0.10099962765258752,0.010200924785961322
ParticlesDetected,RainIntensity,Temperature,WindSpeed,-0.10092545548815908,0.01018594756549238
KineticEnergy,ParticlesDetected,Temperature,WindSpeed,-0.10032013250271653,0.0100641289853626
KineticEnergy,Pressure,RainIntensity,Temperature,-0.10001984571481971,0.01000396953681634
